{"cameraMode":{"drawMode":0,"name":"Shaded","section":"Shading Mode"},"sceneLighting":true,"audioPlay":false,"sceneViewState":{"m_AlwaysRefresh":false,"showFog":true,"showSkybox":true,"showFlares":true,"showImageEffects":true,"showParticleSystems":true,"showVisualEffectGraphs":true,"m_FxEnabled":true},"in2DMode":false,"pivot":{"x":3.8000001907348635,"y":6.161285400390625,"z":15.8100004196167},"rotation":{"x":0.009401100687682629,"y":-0.9905705451965332,"z":0.09238921105861664,"w":0.10078859329223633},"size":28.65922737121582,"orthographic":true}