{"cameraMode":{"drawMode":0,"name":"Shaded","section":"Shading Mode"},"sceneLighting":false,"audioPlay":false,"sceneViewState":{"m_AlwaysRefresh":false,"showFog":true,"showSkybox":false,"showFlares":true,"showImageEffects":true,"showParticleSystems":true,"showVisualEffectGraphs":true,"m_FxEnabled":true},"in2DMode":false,"pivot":{"x":3.799999237060547,"y":0.7132503986358643,"z":15.80999755859375},"rotation":{"x":0.06082332134246826,"y":-0.03592214733362198,"z":0.002207837998867035,"w":0.9975289702415466},"size":16.03951072692871,"orthographic":true}